index,lang_id
1,afr
2,zul
3,sot
4,eng
5,xho
6,ven
7,eng
8,sot
9,afr
10,afr
11,sot
12,zul
13,tso
14,eng
15,tsn
16,afr
17,nbl
18,eng
19,tso
20,nbl
21,nbl
22,tso
23,nbl
24,tso
25,sot
26,nbl
27,tso
28,tsn
29,nbl
30,tso
31,eng
32,nso
33,zul
34,tso
35,nbl
36,eng
37,eng
38,nbl
39,tsn
40,nso
41,nso
42,afr
43,afr
44,zul
45,nso
46,zul
47,eng
48,tsn
49,eng
50,nbl
51,ssw
52,nbl
53,eng
54,sot
55,ssw
56,ssw
57,tsn
58,afr
59,tsn
60,ssw
61,afr
62,ven
63,nbl
64,tso
65,tso
66,xho
67,ven
68,ssw
69,ven
70,tso
71,tsn
72,eng
73,nso
74,zul
75,eng
76,xho
77,eng
78,sot
79,tsn
80,sot
81,ssw
82,sot
83,zul
84,sot
85,tso
86,afr
87,ssw
88,tso
89,zul
90,tsn
91,tsn
92,sot
93,nso
94,sot
95,xho
96,xho
97,tsn
98,tso
99,ven
100,xho
101,tso
102,sot
103,eng
104,nso
105,ven
106,nbl
107,tso
108,eng
109,nbl
110,eng
111,nso
112,nbl
113,ven
114,tsn
115,eng
116,zul
117,zul
118,tsn
119,afr
120,sot
121,xho
122,zul
123,zul
124,nso
125,xho
126,tsn
127,ssw
128,eng
129,sot
130,afr
131,nso
132,nbl
133,ven
134,nbl
135,nso
136,afr
137,zul
138,ven
139,eng
140,tsn
141,nbl
142,zul
143,afr
144,xho
145,nso
146,nbl
147,ven
148,xho
149,afr
150,ven
151,sot
152,eng
153,sot
154,tsn
155,nbl
156,xho
157,xho
158,tso
159,ven
160,tso
161,ven
162,xho
163,xho
164,ssw
165,xho
166,tso
167,ven
168,ssw
169,zul
170,ven
171,xho
172,nso
173,zul
174,ven
175,tso
176,tso
177,afr
178,tso
179,afr
180,tso
181,sot
182,nso
183,eng
184,nso
185,ven
186,ven
187,zul
188,ven
189,nso
190,eng
191,ssw
192,eng
193,zul
194,nso
195,afr
196,tsn
197,afr
198,ven
199,zul
200,eng
201,tsn
202,sot
203,ven
204,afr
205,afr
206,ssw
207,zul
208,nso
209,zul
210,tsn
211,eng
212,zul
213,nso
214,tsn
215,zul
216,nbl
217,xho
218,nso
219,nso
220,tsn
221,nso
222,eng
223,nso
224,nbl
225,sot
226,ssw
227,eng
228,ven
229,ssw
230,afr
231,tsn
232,eng
233,tsn
234,sot
235,ssw
236,afr
237,tsn
238,nso
239,nbl
240,xho
241,ven
242,nso
243,tsn
244,eng
245,xho
246,nbl
247,nso
248,xho
249,nbl
250,zul
251,nso
252,nso
253,sot
254,nso
255,tso
256,xho
257,ven
258,sot
259,tso
260,zul
261,nso
262,zul
263,afr
264,nbl
265,ven
266,nso
267,ssw
268,nbl
269,ssw
270,xho
271,ssw
272,zul
273,nso
274,tso
275,sot
276,nbl
277,tso
278,sot
279,zul
280,tso
281,ven
282,nbl
283,sot
284,afr
285,afr
286,ven
287,tsn
288,nso
289,sot
290,afr
291,ven
292,nbl
293,eng
294,xho
295,sot
296,ssw
297,xho
298,eng
299,nbl
300,tso
301,afr
302,nso
303,tso
304,afr
305,afr
306,sot
307,afr
308,ssw
309,ssw
310,eng
311,afr
312,tso
313,zul
314,tso
315,sot
316,ven
317,nso
318,tsn
319,eng
320,zul
321,zul
322,xho
323,zul
324,eng
325,zul
326,tso
327,afr
328,nso
329,nbl
330,nso
331,nbl
332,sot
333,ven
334,tsn
335,ven
336,sot
337,nbl
338,afr
339,afr
340,tso
341,eng
342,sot
343,eng
344,ssw
345,tsn
346,xho
347,xho
348,zul
349,nso
350,xho
351,afr
352,ssw
353,ssw
354,eng
355,tso
356,eng
357,zul
358,nbl
359,eng
360,nso
361,zul
362,sot
363,afr
364,xho
365,ven
366,tsn
367,ssw
368,tsn
369,nbl
370,tsn
371,nso
372,tso
373,ven
374,xho
375,ssw
376,afr
377,nso
378,tso
379,sot
380,tso
381,nso
382,xho
383,nso
384,tso
385,ven
386,sot
387,sot
388,afr
389,tso
390,eng
391,ven
392,xho
393,xho
394,xho
395,xho
396,tso
397,zul
398,zul
399,nbl
400,xho
401,tsn
402,afr
403,zul
404,nso
405,sot
406,ven
407,xho
408,ven
409,tso
410,afr
411,tso
412,tso
413,xho
414,tsn
415,sot
416,nbl
417,xho
418,sot
419,tso
420,ven
421,ssw
422,sot
423,tso
424,ssw
425,tsn
426,tso
427,ssw
428,nbl
429,nso
430,afr
431,tso
432,sot
433,nbl
434,tso
435,tsn
436,tsn
437,zul
438,ssw
439,xho
440,sot
441,afr
442,eng
443,tso
444,ven
445,tso
446,afr
447,tso
448,nso
449,xho
450,nso
451,zul
452,tso
453,sot
454,tso
455,ven
456,eng
457,nso
458,ssw
459,zul
460,tso
461,xho
462,afr
463,nso
464,tso
465,ssw
466,nbl
467,sot
468,afr
469,zul
470,tso
471,afr
472,sot
473,ven
474,ssw
475,tsn
476,afr
477,ven
478,sot
479,ven
480,sot
481,ssw
482,nso
483,ssw
484,eng
485,afr
486,tsn
487,nbl
488,zul
489,ven
490,sot
491,tsn
492,afr
493,sot
494,tso
495,ssw
496,nbl
497,tsn
498,sot
499,xho
500,nso
501,sot
502,nso
503,nso
504,xho
505,eng
506,nso
507,tso
508,eng
509,tsn
510,afr
511,nso
512,nbl
513,sot
514,sot
515,ven
516,eng
517,ssw
518,tsn
519,eng
520,afr
521,ven
522,ssw
523,tsn
524,ven
525,xho
526,ven
527,tsn
528,tso
529,eng
530,tsn
531,ssw
532,zul
533,nbl
534,tso
535,xho
536,sot
537,zul
538,nso
539,ssw
540,tsn
541,tsn
542,xho
543,tsn
544,nso
545,xho
546,tsn
547,tsn
548,nso
549,zul
550,zul
551,sot
552,zul
553,eng
554,xho
555,xho
556,afr
557,tso
558,nso
559,nbl
560,tso
561,ven
562,xho
563,xho
564,zul
565,ven
566,nbl
567,ssw
568,afr
569,eng
570,zul
571,ven
572,tsn
573,tso
574,ven
575,tsn
576,tso
577,ven
578,tso
579,tso
580,tso
581,ven
582,sot
583,sot
584,afr
585,eng
586,sot
587,sot
588,zul
589,nbl
590,ssw
591,zul
592,xho
593,nbl
594,nbl
595,ssw
596,zul
597,tso
598,sot
599,ssw
600,ssw
601,eng
602,zul
603,tsn
604,afr
605,afr
606,xho
607,zul
608,eng
609,zul
610,nbl
611,sot
612,xho
613,ven
614,sot
615,tsn
616,nso
617,xho
618,zul
619,ssw
620,afr
621,sot
622,tso
623,tso
624,afr
625,eng
626,xho
627,sot
628,nso
629,ssw
630,tso
631,afr
632,tso
633,nbl
634,nbl
635,nso
636,nso
637,ven
638,ssw
639,nso
640,nbl
641,xho
642,zul
643,nbl
644,tso
645,nbl
646,ssw
647,ven
648,nso
649,tsn
650,eng
651,tso
652,tso
653,sot
654,sot
655,tso
656,zul
657,afr
658,sot
659,zul
660,eng
661,nso
662,afr
663,zul
664,afr
665,tso
666,eng
667,ven
668,ven
669,ven
670,tsn
671,zul
672,ssw
673,eng
674,xho
675,eng
676,nso
677,ssw
678,afr
679,tso
680,sot
681,ssw
682,ven
683,nso
684,nso
685,sot
686,afr
687,nso
688,xho
689,tso
690,tso
691,afr
692,sot
693,tsn
694,afr
695,zul
696,nbl
697,tso
698,eng
699,tso
700,ven
701,eng
702,zul
703,afr
704,ven
705,tsn
706,eng
707,xho
708,sot
709,tsn
710,tso
711,nso
712,xho
713,eng
714,nbl
715,tso
716,afr
717,nbl
718,tsn
719,eng
720,tso
721,xho
722,ven
723,nbl
724,zul
725,nbl
726,xho
727,afr
728,afr
729,tso
730,ven
731,ven
732,afr
733,xho
734,xho
735,tso
736,zul
737,tsn
738,tsn
739,tsn
740,eng
741,ven
742,sot
743,tso
744,afr
745,nso
746,nbl
747,tsn
748,sot
749,zul
750,ssw
751,afr
752,xho
753,ssw
754,ven
755,afr
756,afr
757,zul
758,afr
759,tso
760,zul
761,ssw
762,sot
763,afr
764,tso
765,ssw
766,nso
767,eng
768,xho
769,nso
770,tso
771,tso
772,nbl
773,afr
774,nso
775,ven
776,nbl
777,zul
778,sot
779,ssw
780,ven
781,nbl
782,ven
783,ssw
784,ven
785,afr
786,nso
787,zul
788,eng
789,tso
790,tsn
791,zul
792,eng
793,ven
794,afr
795,afr
796,eng
797,ssw
798,ven
799,tso
800,nbl
801,eng
802,sot
803,afr
804,nbl
805,ssw
806,sot
807,nso
808,ssw
809,afr
810,zul
811,sot
812,xho
813,nbl
814,nbl
815,eng
816,xho
817,afr
818,eng
819,afr
820,tso
821,eng
822,eng
823,ven
824,xho
825,ssw
826,eng
827,nso
828,zul
829,sot
830,sot
831,nso
832,ssw
833,ven
834,tsn
835,zul
836,zul
837,nbl
838,nso
839,xho
840,xho
841,sot
842,tso
843,nso
844,ven
845,xho
846,ssw
847,tso
848,sot
849,eng
850,eng
851,nso
852,eng
853,sot
854,tso
855,nso
856,xho
857,eng
858,eng
859,ssw
860,ven
861,eng
862,xho
863,ssw
864,xho
865,sot
866,zul
867,tso
868,xho
869,tso
870,nso
871,zul
872,nbl
873,nbl
874,tso
875,nbl
876,afr
877,afr
878,zul
879,tso
880,afr
881,xho
882,nbl
883,sot
884,xho
885,tsn
886,eng
887,ven
888,nbl
889,ven
890,eng
891,tso
892,xho
893,sot
894,xho
895,nso
896,tso
897,zul
898,zul
899,nbl
900,eng
901,xho
902,ven
903,eng
904,afr
905,sot
906,xho
907,eng
908,ven
909,tsn
910,eng
911,ssw
912,tsn
913,nbl
914,ssw
915,ven
916,afr
917,ven
918,nbl
919,ssw
920,sot
921,nbl
922,afr
923,eng
924,ssw
925,xho
926,ssw
927,eng
928,xho
929,zul
930,ssw
931,xho
932,tso
933,xho
934,zul
935,eng
936,sot
937,xho
938,sot
939,xho
940,xho
941,tsn
942,eng
943,ssw
944,sot
945,zul
946,eng
947,nbl
948,nso
949,ven
950,sot
951,zul
952,sot
953,zul
954,ven
955,nso
956,sot
957,sot
958,tsn
959,sot
960,ven
961,xho
962,zul
963,tso
964,ssw
965,zul
966,zul
967,eng
968,zul
969,tso
970,zul
971,eng
972,ven
973,sot
974,sot
975,eng
976,ssw
977,ssw
978,xho
979,nso
980,nso
981,eng
982,ssw
983,tso
984,zul
985,nbl
986,ssw
987,nbl
988,ven
989,xho
990,tso
991,ven
992,tso
993,ssw
994,nbl
995,afr
996,afr
997,tso
998,sot
999,xho
1000,ssw
1001,nbl
1002,nbl
1003,sot
1004,afr
1005,sot
1006,zul
1007,xho
1008,afr
1009,afr
1010,ssw
1011,tso
1012,xho
1013,nbl
1014,tso
1015,nbl
1016,tso
1017,tso
1018,eng
1019,nso
1020,xho
1021,tsn
1022,sot
1023,tso
1024,zul
1025,ssw
1026,xho
1027,ven
1028,tso
1029,tso
1030,nbl
1031,xho
1032,xho
1033,tsn
1034,xho
1035,tsn
1036,tsn
1037,zul
1038,sot
1039,afr
1040,xho
1041,nso
1042,sot
1043,ssw
1044,ssw
1045,afr
1046,zul
1047,nbl
1048,eng
1049,xho
1050,afr
1051,tsn
1052,sot
1053,tsn
1054,sot
1055,eng
1056,nso
1057,ssw
1058,tsn
1059,nso
1060,tsn
1061,nbl
1062,eng
1063,nso
1064,eng
1065,ssw
1066,sot
1067,ssw
1068,zul
1069,sot
1070,zul
1071,ssw
1072,ven
1073,nbl
1074,ven
1075,nso
1076,tsn
1077,tso
1078,afr
1079,nso
1080,sot
1081,sot
1082,tso
1083,ven
1084,nbl
1085,nbl
1086,nbl
1087,zul
1088,xho
1089,xho
1090,ssw
1091,zul
1092,afr
1093,tsn
1094,xho
1095,zul
1096,sot
1097,tso
1098,afr
1099,sot
1100,zul
1101,zul
1102,xho
1103,tso
1104,nbl
1105,sot
1106,tso
1107,tsn
1108,tso
1109,afr
1110,sot
1111,afr
1112,xho
1113,sot
1114,tsn
1115,ssw
1116,zul
1117,ven
1118,xho
1119,nso
1120,afr
1121,afr
1122,sot
1123,ven
1124,ssw
1125,eng
1126,zul
1127,nbl
1128,afr
1129,afr
1130,xho
1131,ssw
1132,tso
1133,afr
1134,sot
1135,nbl
1136,tsn
1137,tsn
1138,ssw
1139,nso
1140,nso
1141,eng
1142,sot
1143,ssw
1144,nso
1145,eng
1146,nso
1147,nbl
1148,afr
1149,xho
1150,nbl
1151,tso
1152,ssw
1153,ven
1154,ssw
1155,afr
1156,ssw
1157,nso
1158,tsn
1159,tsn
1160,ssw
1161,tsn
1162,nbl
1163,xho
1164,tsn
1165,sot
1166,xho
1167,ssw
1168,tsn
1169,sot
1170,afr
1171,zul
1172,sot
1173,ssw
1174,xho
1175,ssw
1176,ssw
1177,tso
1178,nso
1179,nso
1180,nso
1181,zul
1182,ven
1183,sot
1184,zul
1185,ven
1186,sot
1187,nso
1188,zul
1189,nso
1190,afr
1191,zul
1192,sot
1193,ven
1194,eng
1195,zul
1196,nbl
1197,ssw
1198,tso
1199,sot
1200,nbl
1201,tsn
1202,xho
1203,afr
1204,xho
1205,tsn
1206,zul
1207,xho
1208,nso
1209,nbl
1210,sot
1211,ssw
1212,nso
1213,zul
1214,tso
1215,tsn
1216,afr
1217,sot
1218,tso
1219,nbl
1220,tsn
1221,eng
1222,ssw
1223,eng
1224,ven
1225,sot
1226,xho
1227,nbl
1228,sot
1229,ssw
1230,tsn
1231,tsn
1232,sot
1233,tsn
1234,sot
1235,xho
1236,tsn
1237,nbl
1238,ssw
1239,zul
1240,xho
1241,zul
1242,ssw
1243,tsn
1244,sot
1245,nso
1246,sot
1247,sot
1248,afr
1249,tsn
1250,zul
1251,ven
1252,ven
1253,nbl
1254,tsn
1255,eng
1256,ven
1257,ssw
1258,nso
1259,sot
1260,afr
1261,afr
1262,afr
1263,xho
1264,zul
1265,afr
1266,zul
1267,tso
1268,nbl
1269,eng
1270,sot
1271,zul
1272,nso
1273,nso
1274,tso
1275,xho
1276,eng
1277,nbl
1278,zul
1279,ven
1280,sot
1281,xho
1282,tso
1283,tsn
1284,zul
1285,ssw
1286,ssw
1287,afr
1288,sot
1289,nso
1290,nbl
1291,tso
1292,sot
1293,eng
1294,sot
1295,nbl
1296,xho
1297,afr
1298,nbl
1299,eng
1300,tso
1301,sot
1302,eng
1303,tsn
1304,sot
1305,eng
1306,eng
1307,nso
1308,eng
1309,tso
1310,sot
1311,ssw
1312,tso
1313,xho
1314,xho
1315,nbl
1316,afr
1317,eng
1318,xho
1319,nso
1320,ssw
1321,sot
1322,ven
1323,eng
1324,afr
1325,nbl
1326,zul
1327,nbl
1328,eng
1329,tsn
1330,ven
1331,nso
1332,afr
1333,zul
1334,eng
1335,nso
1336,tsn
1337,afr
1338,nso
1339,tso
1340,xho
1341,eng
1342,sot
1343,sot
1344,sot
1345,zul
1346,nso
1347,sot
1348,afr
1349,nbl
1350,ven
1351,zul
1352,ssw
1353,afr
1354,zul
1355,nso
1356,sot
1357,xho
1358,eng
1359,sot
1360,ven
1361,sot
1362,zul
1363,sot
1364,tso
1365,afr
1366,xho
1367,tsn
1368,eng
1369,nso
1370,eng
1371,tso
1372,afr
1373,tso
1374,nso
1375,nso
1376,ven
1377,sot
1378,xho
1379,nbl
1380,tsn
1381,zul
1382,ven
1383,nso
1384,zul
1385,nbl
1386,sot
1387,tsn
1388,tsn
1389,ven
1390,tso
1391,tsn
1392,sot
1393,eng
1394,afr
1395,afr
1396,eng
1397,tso
1398,ven
1399,xho
1400,ssw
1401,tso
1402,nbl
1403,tso
1404,xho
1405,afr
1406,afr
1407,nbl
1408,eng
1409,nso
1410,ven
1411,xho
1412,afr
1413,ven
1414,eng
1415,tsn
1416,ven
1417,zul
1418,ven
1419,ven
1420,zul
1421,zul
1422,tsn
1423,nso
1424,eng
1425,nbl
1426,zul
1427,sot
1428,tsn
1429,nso
1430,nso
1431,nbl
1432,tso
1433,ven
1434,xho
1435,ven
1436,afr
1437,tso
1438,xho
1439,zul
1440,zul
1441,nbl
1442,nbl
1443,ssw
1444,tsn
1445,afr
1446,nbl
1447,nbl
1448,nso
1449,sot
1450,sot
1451,eng
1452,ssw
1453,tsn
1454,tso
1455,tsn
1456,ven
1457,eng
1458,zul
1459,tso
1460,tso
1461,xho
1462,tso
1463,nso
1464,sot
1465,tsn
1466,afr
1467,sot
1468,nso
1469,nbl
1470,nso
1471,afr
1472,afr
1473,eng
1474,ssw
1475,nbl
1476,ven
1477,ssw
1478,tsn
1479,nso
1480,tsn
1481,nso
1482,afr
1483,xho
1484,nbl
1485,nso
1486,tsn
1487,xho
1488,nso
1489,xho
1490,tso
1491,ven
1492,nso
1493,eng
1494,nso
1495,nbl
1496,ssw
1497,nso
1498,ven
1499,afr
1500,xho
1501,tsn
1502,eng
1503,afr
1504,xho
1505,zul
1506,afr
1507,nbl
1508,zul
1509,tso
1510,sot
1511,eng
1512,afr
1513,nso
1514,nso
1515,zul
1516,sot
1517,tsn
1518,tsn
1519,sot
1520,tso
1521,nbl
1522,sot
1523,xho
1524,nbl
1525,tsn
1526,xho
1527,ven
1528,nso
1529,sot
1530,xho
1531,afr
1532,nso
1533,zul
1534,zul
1535,zul
1536,nso
1537,nso
1538,zul
1539,eng
1540,afr
1541,nbl
1542,zul
1543,tso
1544,zul
1545,nbl
1546,sot
1547,tsn
1548,ven
1549,ven
1550,tso
1551,tsn
1552,tsn
1553,xho
1554,xho
1555,sot
1556,tsn
1557,ven
1558,nso
1559,afr
1560,ssw
1561,tsn
1562,nso
1563,ven
1564,sot
1565,xho
1566,ssw
1567,xho
1568,tso
1569,nbl
1570,ssw
1571,nso
1572,ven
1573,zul
1574,ven
1575,tsn
1576,nso
1577,ssw
1578,afr
1579,xho
1580,ven
1581,xho
1582,ssw
1583,tso
1584,tso
1585,afr
1586,afr
1587,tsn
1588,nbl
1589,nso
1590,nso
1591,sot
1592,eng
1593,xho
1594,tsn
1595,afr
1596,tso
1597,ven
1598,nbl
1599,afr
1600,eng
1601,afr
1602,nso
1603,sot
1604,tsn
1605,afr
1606,nbl
1607,nbl
1608,xho
1609,nso
1610,zul
1611,tsn
1612,ssw
1613,afr
1614,tsn
1615,tso
1616,zul
1617,tso
1618,nso
1619,sot
1620,nso
1621,sot
1622,ven
1623,ven
1624,zul
1625,nbl
1626,eng
1627,tso
1628,ssw
1629,ven
1630,tsn
1631,afr
1632,xho
1633,tsn
1634,ssw
1635,tso
1636,afr
1637,tsn
1638,eng
1639,zul
1640,ssw
1641,eng
1642,tso
1643,tso
1644,xho
1645,sot
1646,zul
1647,nso
1648,eng
1649,eng
1650,zul
1651,tsn
1652,nbl
1653,nso
1654,sot
1655,nso
1656,nso
1657,zul
1658,tsn
1659,ven
1660,xho
1661,afr
1662,ven
1663,tso
1664,nbl
1665,nbl
1666,afr
1667,sot
1668,ssw
1669,eng
1670,sot
1671,ven
1672,ssw
1673,xho
1674,eng
1675,tso
1676,tsn
1677,afr
1678,sot
1679,ssw
1680,xho
1681,tso
1682,afr
1683,zul
1684,zul
1685,ven
1686,tso
1687,eng
1688,tso
1689,sot
1690,xho
1691,tso
1692,tsn
1693,tsn
1694,tsn
1695,afr
1696,ven
1697,nbl
1698,sot
1699,eng
1700,nso
1701,nbl
1702,sot
1703,eng
1704,tsn
1705,sot
1706,nbl
1707,ssw
1708,nbl
1709,ven
1710,eng
1711,sot
1712,sot
1713,nso
1714,afr
1715,zul
1716,tso
1717,eng
1718,nso
1719,sot
1720,ssw
1721,afr
1722,sot
1723,zul
1724,ven
1725,tsn
1726,sot
1727,sot
1728,eng
1729,zul
1730,sot
1731,nbl
1732,tso
1733,afr
1734,nbl
1735,nbl
1736,ven
1737,sot
1738,eng
1739,ven
1740,sot
1741,tso
1742,eng
1743,afr
1744,ssw
1745,tsn
1746,zul
1747,tso
1748,ven
1749,sot
1750,tsn
1751,tso
1752,tsn
1753,sot
1754,sot
1755,ssw
1756,sot
1757,xho
1758,nbl
1759,tso
1760,ssw
1761,tsn
1762,nso
1763,nbl
1764,nso
1765,xho
1766,xho
1767,ssw
1768,xho
1769,tsn
1770,nso
1771,nbl
1772,tsn
1773,ven
1774,nso
1775,tso
1776,tso
1777,zul
1778,sot
1779,ven
1780,nso
1781,ven
1782,nso
1783,ven
1784,eng
1785,ssw
1786,zul
1787,xho
1788,sot
1789,nbl
1790,zul
1791,eng
1792,ssw
1793,nbl
1794,ven
1795,tsn
1796,xho
1797,ven
1798,tsn
1799,nso
1800,afr
1801,nso
1802,zul
1803,ven
1804,nbl
1805,eng
1806,nbl
1807,tsn
1808,zul
1809,afr
1810,sot
1811,xho
1812,ssw
1813,afr
1814,nso
1815,sot
1816,nso
1817,sot
1818,sot
1819,tso
1820,xho
1821,sot
1822,eng
1823,sot
1824,xho
1825,sot
1826,ven
1827,afr
1828,tsn
1829,tso
1830,afr
1831,xho
1832,xho
1833,eng
1834,ssw
1835,nbl
1836,nbl
1837,ven
1838,eng
1839,zul
1840,xho
1841,tso
1842,xho
1843,afr
1844,tso
1845,xho
1846,zul
1847,afr
1848,tsn
1849,ssw
1850,zul
1851,tsn
1852,ssw
1853,tso
1854,ssw
1855,afr
1856,nso
1857,zul
1858,tso
1859,tsn
1860,eng
1861,eng
1862,afr
1863,zul
1864,xho
1865,nso
1866,zul
1867,ven
1868,ssw
1869,afr
1870,afr
1871,tso
1872,ssw
1873,sot
1874,tsn
1875,eng
1876,xho
1877,nbl
1878,tsn
1879,ssw
1880,sot
1881,xho
1882,nbl
1883,xho
1884,ssw
1885,tsn
1886,ssw
1887,nso
1888,xho
1889,ssw
1890,ven
1891,ven
1892,afr
1893,ven
1894,tsn
1895,eng
1896,zul
1897,nbl
1898,tso
1899,xho
1900,nso
1901,tso
1902,nbl
1903,ssw
1904,zul
1905,tsn
1906,tsn
1907,ven
1908,afr
1909,eng
1910,afr
1911,ven
1912,xho
1913,nbl
1914,zul
1915,tsn
1916,tso
1917,ssw
1918,tsn
1919,afr
1920,ssw
1921,afr
1922,nbl
1923,eng
1924,nbl
1925,tsn
1926,nso
1927,tso
1928,tsn
1929,zul
1930,eng
1931,tso
1932,afr
1933,tso
1934,nbl
1935,tsn
1936,nbl
1937,nso
1938,nbl
1939,sot
1940,sot
1941,nso
1942,nso
1943,afr
1944,tsn
1945,tso
1946,sot
1947,sot
1948,nbl
1949,ven
1950,nso
1951,sot
1952,eng
1953,nbl
1954,eng
1955,sot
1956,tso
1957,xho
1958,xho
1959,afr
1960,nso
1961,tso
1962,zul
1963,nso
1964,nbl
1965,eng
1966,nso
1967,afr
1968,zul
1969,zul
1970,afr
1971,ssw
1972,tso
1973,sot
1974,ssw
1975,eng
1976,ven
1977,zul
1978,sot
1979,tso
1980,eng
1981,tso
1982,tso
1983,tsn
1984,sot
1985,sot
1986,nbl
1987,ssw
1988,ven
1989,afr
1990,eng
1991,nbl
1992,sot
1993,ven
1994,zul
1995,nbl
1996,eng
1997,tso
1998,nbl
1999,ssw
2000,zul
2001,eng
2002,nbl
2003,xho
2004,nbl
2005,ven
2006,nbl
2007,afr
2008,sot
2009,nbl
2010,tso
2011,afr
2012,ven
2013,tso
2014,eng
2015,sot
2016,xho
2017,nso
2018,tso
2019,zul
2020,eng
2021,tso
2022,tsn
2023,sot
2024,eng
2025,tsn
2026,xho
2027,ssw
2028,zul
2029,nso
2030,afr
2031,nbl
2032,nbl
2033,nbl
2034,eng
2035,tso
2036,xho
2037,eng
2038,nso
2039,nso
2040,tso
2041,ven
2042,xho
2043,afr
2044,eng
2045,tsn
2046,sot
2047,ven
2048,tsn
2049,ven
2050,tsn
2051,zul
2052,tso
2053,sot
2054,ssw
2055,tsn
2056,nbl
2057,zul
2058,nso
2059,afr
2060,zul
2061,ven
2062,sot
2063,tsn
2064,sot
2065,eng
2066,ssw
2067,nso
2068,nbl
2069,tsn
2070,tso
2071,tsn
2072,afr
2073,ssw
2074,xho
2075,ssw
2076,ven
2077,sot
2078,eng
2079,zul
2080,zul
2081,tsn
2082,xho
2083,zul
2084,sot
2085,ven
2086,xho
2087,ssw
2088,sot
2089,zul
2090,ssw
2091,nso
2092,xho
2093,tsn
2094,sot
2095,tsn
2096,tso
2097,zul
2098,eng
2099,afr
2100,ven
2101,sot
2102,eng
2103,tso
2104,xho
2105,eng
2106,sot
2107,xho
2108,tsn
2109,eng
2110,xho
2111,sot
2112,nso
2113,sot
2114,tso
2115,afr
2116,zul
2117,ssw
2118,afr
2119,ven
2120,zul
2121,afr
2122,tso
2123,sot
2124,sot
2125,tsn
2126,sot
2127,xho
2128,tsn
2129,xho
2130,xho
2131,nso
2132,eng
2133,nso
2134,afr
2135,nso
2136,tso
2137,ven
2138,sot
2139,eng
2140,tsn
2141,tso
2142,ssw
2143,ssw
2144,tsn
2145,zul
2146,tso
2147,sot
2148,nso
2149,ven
2150,sot
2151,nso
2152,afr
2153,tso
2154,tsn
2155,xho
2156,nbl
2157,zul
2158,xho
2159,sot
2160,ven
2161,sot
2162,afr
2163,sot
2164,ssw
2165,sot
2166,xho
2167,zul
2168,tsn
2169,zul
2170,tsn
2171,afr
2172,nbl
2173,ssw
2174,afr
2175,ssw
2176,tsn
2177,tso
2178,eng
2179,tso
2180,nbl
2181,afr
2182,ven
2183,tsn
2184,tsn
2185,eng
2186,tsn
2187,nso
2188,ssw
2189,eng
2190,sot
2191,tsn
2192,zul
2193,ssw
2194,eng
2195,nso
2196,tsn
2197,zul
2198,eng
2199,tso
2200,zul
2201,ven
2202,tso
2203,ven
2204,tsn
2205,tsn
2206,xho
2207,tsn
2208,nbl
2209,ven
2210,nso
2211,ven
2212,eng
2213,afr
2214,ven
2215,tsn
2216,zul
2217,afr
2218,ven
2219,sot
2220,tso
2221,tso
2222,ven
2223,ssw
2224,ssw
2225,afr
2226,tso
2227,ssw
2228,ssw
2229,tsn
2230,ssw
2231,sot
2232,afr
2233,ven
2234,ssw
2235,ven
2236,ven
2237,zul
2238,nso
2239,sot
2240,afr
2241,tso
2242,tsn
2243,sot
2244,tsn
2245,ssw
2246,nso
2247,tso
2248,ven
2249,tso
2250,nbl
2251,ssw
2252,tso
2253,ven
2254,ven
2255,sot
2256,sot
2257,tso
2258,nbl
2259,sot
2260,ssw
2261,xho
2262,xho
2263,afr
2264,tsn
2265,eng
2266,xho
2267,tsn
2268,ssw
2269,afr
2270,ven
2271,tsn
2272,nbl
2273,ven
2274,ven
2275,xho
2276,afr
2277,tsn
2278,zul
2279,tsn
2280,ssw
2281,afr
2282,afr
2283,ssw
2284,sot
2285,ven
2286,ssw
2287,nso
2288,sot
2289,tsn
2290,nso
2291,tsn
2292,xho
2293,zul
2294,sot
2295,sot
2296,tsn
2297,zul
2298,tso
2299,eng
2300,ssw
2301,ven
2302,zul
2303,ssw
2304,sot
2305,tsn
2306,ven
2307,ssw
2308,afr
2309,nbl
2310,xho
2311,ssw
2312,ven
2313,zul
2314,tso
2315,eng
2316,eng
2317,tso
2318,nso
2319,nso
2320,nso
2321,zul
2322,ven
2323,eng
2324,tsn
2325,ssw
2326,xho
2327,eng
2328,ssw
2329,afr
2330,tso
2331,tsn
2332,tsn
2333,sot
2334,nbl
2335,tso
2336,zul
2337,ssw
2338,xho
2339,nbl
2340,ssw
2341,eng
2342,nso
2343,ven
2344,tso
2345,eng
2346,nso
2347,tsn
2348,xho
2349,nbl
2350,nbl
2351,xho
2352,sot
2353,eng
2354,tsn
2355,tso
2356,nso
2357,sot
2358,tsn
2359,tso
2360,nbl
2361,tso
2362,tsn
2363,ssw
2364,tso
2365,zul
2366,zul
2367,ssw
2368,zul
2369,zul
2370,ssw
2371,nso
2372,nso
2373,ven
2374,nbl
2375,nbl
2376,nbl
2377,eng
2378,ven
2379,tsn
2380,nso
2381,nso
2382,xho
2383,xho
2384,zul
2385,ssw
2386,tso
2387,afr
2388,ssw
2389,xho
2390,nso
2391,xho
2392,afr
2393,afr
2394,tso
2395,sot
2396,nbl
2397,ssw
2398,nso
2399,tso
2400,sot
2401,sot
2402,afr
2403,tso
2404,xho
2405,sot
2406,ven
2407,sot
2408,eng
2409,afr
2410,nbl
2411,tsn
2412,nbl
2413,afr
2414,tsn
2415,eng
2416,ssw
2417,ssw
2418,sot
2419,tso
2420,ven
2421,tsn
2422,ssw
2423,xho
2424,sot
2425,xho
2426,nso
2427,ven
2428,ven
2429,sot
2430,xho
2431,tso
2432,zul
2433,tsn
2434,sot
2435,ven
2436,afr
2437,ven
2438,afr
2439,nbl
2440,tso
2441,afr
2442,ssw
2443,tso
2444,afr
2445,tsn
2446,tso
2447,ven
2448,afr
2449,zul
2450,nbl
2451,nbl
2452,tsn
2453,sot
2454,nso
2455,afr
2456,zul
2457,tsn
2458,xho
2459,eng
2460,nbl
2461,nbl
2462,afr
2463,nbl
2464,eng
2465,sot
2466,tso
2467,sot
2468,eng
2469,eng
2470,nso
2471,ssw
2472,tsn
2473,sot
2474,xho
2475,ven
2476,tso
2477,eng
2478,eng
2479,xho
2480,tsn
2481,sot
2482,zul
2483,sot
2484,xho
2485,tsn
2486,tso
2487,nso
2488,tsn
2489,tso
2490,sot
2491,ssw
2492,eng
2493,ven
2494,ssw
2495,xho
2496,afr
2497,ven
2498,sot
2499,ven
2500,tsn
2501,nbl
2502,zul
2503,xho
2504,tsn
2505,sot
2506,zul
2507,eng
2508,afr
2509,eng
2510,afr
2511,nso
2512,tsn
2513,eng
2514,ssw
2515,tsn
2516,nso
2517,ssw
2518,nso
2519,ven
2520,nbl
2521,afr
2522,xho
2523,tsn
2524,ven
2525,nbl
2526,tsn
2527,eng
2528,tsn
2529,tsn
2530,afr
2531,xho
2532,ssw
2533,ssw
2534,zul
2535,sot
2536,nso
2537,ven
2538,nbl
2539,ven
2540,tso
2541,nso
2542,sot
2543,ssw
2544,tso
2545,nso
2546,nso
2547,nso
2548,ven
2549,tso
2550,xho
2551,nso
2552,zul
2553,zul
2554,tso
2555,nso
2556,tsn
2557,ssw
2558,ven
2559,nbl
2560,nso
2561,ven
2562,sot
2563,ven
2564,ssw
2565,tsn
2566,ssw
2567,ven
2568,tsn
2569,nso
2570,nso
2571,zul
2572,nso
2573,zul
2574,eng
2575,tso
2576,tso
2577,zul
2578,ven
2579,sot
2580,ssw
2581,eng
2582,afr
2583,nso
2584,eng
2585,zul
2586,zul
2587,nbl
2588,xho
2589,ven
2590,nbl
2591,nbl
2592,ven
2593,nbl
2594,nbl
2595,nso
2596,xho
2597,tsn
2598,afr
2599,nbl
2600,tsn
2601,ven
2602,nbl
2603,eng
2604,afr
2605,nbl
2606,nso
2607,nso
2608,ssw
2609,nso
2610,sot
2611,nbl
2612,eng
2613,sot
2614,afr
2615,nso
2616,nso
2617,tsn
2618,zul
2619,tso
2620,zul
2621,nso
2622,tsn
2623,nso
2624,afr
2625,afr
2626,ven
2627,nso
2628,tso
2629,ven
2630,nbl
2631,afr
2632,eng
2633,nbl
2634,ven
2635,tso
2636,nso
2637,ssw
2638,tso
2639,ssw
2640,sot
2641,ven
2642,zul
2643,ssw
2644,ssw
2645,nbl
2646,eng
2647,sot
2648,ssw
2649,xho
2650,nbl
2651,nbl
2652,nbl
2653,tso
2654,afr
2655,xho
2656,afr
2657,ssw
2658,afr
2659,ven
2660,zul
2661,xho
2662,afr
2663,nso
2664,eng
2665,xho
2666,eng
2667,ssw
2668,nbl
2669,afr
2670,ven
2671,tso
2672,xho
2673,afr
2674,afr
2675,nbl
2676,afr
2677,ven
2678,afr
2679,sot
2680,ssw
2681,ven
2682,xho
2683,tsn
2684,sot
2685,ssw
2686,zul
2687,tso
2688,tso
2689,ven
2690,nbl
2691,tso
2692,tso
2693,sot
2694,sot
2695,nso
2696,ven
2697,tsn
2698,tsn
2699,ven
2700,nbl
2701,ssw
2702,tsn
2703,nbl
2704,ven
2705,tsn
2706,tso
2707,xho
2708,nbl
2709,ven
2710,tso
2711,zul
2712,tso
2713,afr
2714,tsn
2715,nso
2716,xho
2717,afr
2718,eng
2719,nbl
2720,sot
2721,afr
2722,tso
2723,eng
2724,zul
2725,eng
2726,tso
2727,sot
2728,sot
2729,sot
2730,nbl
2731,eng
2732,nbl
2733,ven
2734,ven
2735,zul
2736,zul
2737,afr
2738,afr
2739,nbl
2740,afr
2741,nso
2742,xho
2743,ssw
2744,sot
2745,sot
2746,ssw
2747,ssw
2748,tso
2749,tsn
2750,tsn
2751,afr
2752,sot
2753,tsn
2754,xho
2755,xho
2756,tso
2757,tsn
2758,xho
2759,eng
2760,ssw
2761,zul
2762,nbl
2763,ven
2764,nso
2765,ssw
2766,zul
2767,ven
2768,xho
2769,sot
2770,nso
2771,nbl
2772,eng
2773,nbl
2774,sot
2775,tso
2776,sot
2777,ssw
2778,zul
2779,xho
2780,zul
2781,xho
2782,nso
2783,nso
2784,ssw
2785,eng
2786,eng
2787,afr
2788,nso
2789,xho
2790,ven
2791,ssw
2792,xho
2793,sot
2794,xho
2795,sot
2796,ven
2797,nso
2798,nbl
2799,zul
2800,tsn
2801,xho
2802,nso
2803,nso
2804,tsn
2805,tsn
2806,tso
2807,eng
2808,sot
2809,eng
2810,xho
2811,afr
2812,afr
2813,tso
2814,eng
2815,ssw
2816,sot
2817,tsn
2818,eng
2819,tso
2820,ven
2821,ssw
2822,tso
2823,ven
2824,zul
2825,sot
2826,tso
2827,xho
2828,sot
2829,sot
2830,xho
2831,nso
2832,tso
2833,nbl
2834,nbl
2835,ven
2836,eng
2837,afr
2838,afr
2839,eng
2840,ssw
2841,tsn
2842,tso
2843,sot
2844,ssw
2845,nbl
2846,xho
2847,nso
2848,nbl
2849,tsn
2850,eng
2851,nbl
2852,eng
2853,zul
2854,eng
2855,nbl
2856,ven
2857,tsn
2858,xho
2859,eng
2860,zul
2861,sot
2862,ven
2863,ssw
2864,tsn
2865,nso
2866,tso
2867,zul
2868,tso
2869,ssw
2870,ssw
2871,ven
2872,xho
2873,ven
2874,zul
2875,sot
2876,sot
2877,xho
2878,nbl
2879,tsn
2880,tso
2881,nbl
2882,zul
2883,nso
2884,tso
2885,nso
2886,ssw
2887,sot
2888,sot
2889,eng
2890,tso
2891,nso
2892,zul
2893,sot
2894,zul
2895,sot
2896,tso
2897,zul
2898,ven
2899,ven
2900,xho
2901,xho
2902,nso
2903,tsn
2904,nbl
2905,nso
2906,tsn
2907,zul
2908,xho
2909,sot
2910,tso
2911,sot
2912,tsn
2913,tsn
2914,sot
2915,ssw
2916,tso
2917,eng
2918,nso
2919,nbl
2920,tso
2921,afr
2922,afr
2923,ven
2924,ssw
2925,zul
2926,ven
2927,ven
2928,zul
2929,xho
2930,nso
2931,sot
2932,sot
2933,ssw
2934,zul
2935,ssw
2936,zul
2937,eng
2938,nso
2939,sot
2940,zul
2941,xho
2942,xho
2943,zul
2944,xho
2945,afr
2946,tso
2947,zul
2948,ssw
2949,eng
2950,tso
2951,afr
2952,afr
2953,tso
2954,afr
2955,afr
2956,ven
2957,tsn
2958,afr
2959,sot
2960,tsn
2961,eng
2962,xho
2963,tsn
2964,sot
2965,zul
2966,eng
2967,nbl
2968,afr
2969,nbl
2970,nbl
2971,ssw
2972,sot
2973,ssw
2974,ssw
2975,xho
2976,zul
2977,xho
2978,ven
2979,tsn
2980,ven
2981,zul
2982,xho
2983,sot
2984,nbl
2985,tso
2986,xho
2987,eng
2988,eng
2989,ssw
2990,sot
2991,zul
2992,zul
2993,tso
2994,eng
2995,nbl
2996,sot
2997,sot
2998,sot
2999,eng
3000,ssw
3001,tso
3002,sot
3003,xho
3004,tso
3005,afr
3006,ssw
3007,nso
3008,tsn
3009,xho
3010,afr
3011,tso
3012,xho
3013,tsn
3014,eng
3015,afr
3016,ven
3017,eng
3018,ven
3019,tso
3020,afr
3021,zul
3022,nbl
3023,tsn
3024,zul
3025,ven
3026,ssw
3027,tsn
3028,eng
3029,ssw
3030,ssw
3031,tso
3032,afr
3033,zul
3034,sot
3035,ven
3036,zul
3037,sot
3038,tso
3039,nbl
3040,nbl
3041,tso
3042,ven
3043,afr
3044,ssw
3045,afr
3046,zul
3047,nso
3048,nbl
3049,xho
3050,nbl
3051,ven
3052,tso
3053,afr
3054,zul
3055,nso
3056,nbl
3057,eng
3058,nbl
3059,tso
3060,nso
3061,afr
3062,nso
3063,nso
3064,sot
3065,afr
3066,nbl
3067,sot
3068,nso
3069,nbl
3070,nbl
3071,ven
3072,nbl
3073,nbl
3074,nbl
3075,afr
3076,ssw
3077,ssw
3078,zul
3079,tsn
3080,nso
3081,tsn
3082,ssw
3083,xho
3084,tso
3085,zul
3086,zul
3087,ven
3088,sot
3089,afr
3090,tso
3091,zul
3092,afr
3093,nbl
3094,tsn
3095,eng
3096,xho
3097,ssw
3098,afr
3099,tso
3100,afr
3101,ssw
3102,zul
3103,tsn
3104,sot
3105,xho
3106,zul
3107,tsn
3108,afr
3109,tsn
3110,ven
3111,sot
3112,zul
3113,ven
3114,zul
3115,ssw
3116,xho
3117,nso
3118,tso
3119,afr
3120,ssw
3121,eng
3122,tso
3123,ssw
3124,sot
3125,nbl
3126,sot
3127,nbl
3128,nbl
3129,nbl
3130,eng
3131,tsn
3132,afr
3133,nbl
3134,afr
3135,nbl
3136,eng
3137,eng
3138,tsn
3139,tsn
3140,afr
3141,tso
3142,xho
3143,tsn
3144,ssw
3145,ssw
3146,ven
3147,nso
3148,nbl
3149,nbl
3150,sot
3151,eng
3152,zul
3153,tsn
3154,afr
3155,zul
3156,sot
3157,tsn
3158,afr
3159,zul
3160,tsn
3161,ven
3162,sot
3163,afr
3164,ssw
3165,ssw
3166,ven
3167,zul
3168,zul
3169,afr
3170,nso
3171,eng
3172,nbl
3173,nbl
3174,afr
3175,afr
3176,tsn
3177,eng
3178,ssw
3179,afr
3180,eng
3181,nbl
3182,zul
3183,xho
3184,zul
3185,tso
3186,nso
3187,zul
3188,afr
3189,tso
3190,afr
3191,tsn
3192,zul
3193,xho
3194,zul
3195,tso
3196,sot
3197,nso
3198,nso
3199,afr
3200,ven
3201,ven
3202,nbl
3203,ssw
3204,afr
3205,eng
3206,xho
3207,tso
3208,afr
3209,ssw
3210,zul
3211,zul
3212,ven
3213,nso
3214,xho
3215,eng
3216,ssw
3217,nso
3218,tsn
3219,zul
3220,tsn
3221,ssw
3222,ssw
3223,eng
3224,afr
3225,eng
3226,zul
3227,nbl
3228,afr
3229,zul
3230,xho
3231,zul
3232,nso
3233,nso
3234,afr
3235,xho
3236,zul
3237,tsn
3238,ven
3239,zul
3240,zul
3241,nbl
3242,tsn
3243,ssw
3244,ven
3245,ssw
3246,nso
3247,eng
3248,nbl
3249,tsn
3250,ssw
3251,sot
3252,ssw
3253,ven
3254,nbl
3255,ven
3256,sot
3257,eng
3258,nbl
3259,nbl
3260,ssw
3261,zul
3262,sot
3263,sot
3264,ven
3265,sot
3266,sot
3267,tso
3268,ssw
3269,xho
3270,nbl
3271,sot
3272,afr
3273,ssw
3274,xho
3275,nbl
3276,nbl
3277,zul
3278,ven
3279,afr
3280,tso
3281,eng
3282,tsn
3283,xho
3284,tsn
3285,xho
3286,afr
3287,nbl
3288,nbl
3289,xho
3290,afr
3291,eng
3292,afr
3293,ven
3294,tsn
3295,tsn
3296,ssw
3297,nso
3298,ssw
3299,nso
3300,afr
3301,
3302,
3303,
3304,
3305,
3306,
3307,
3308,
3309,
3310,
3311,
3312,
3313,
3314,
3315,
3316,
3317,
3318,
3319,
3320,
3321,
3322,
3323,
3324,
3325,
3326,
3327,
3328,
3329,
3330,
3331,
3332,
3333,
3334,
3335,
3336,
3337,
3338,
3339,
3340,
3341,
3342,
3343,
3344,
3345,
3346,
3347,
3348,
3349,
3350,
3351,
3352,
3353,
3354,
3355,
3356,
3357,
3358,
3359,
3360,
3361,
3362,
3363,
3364,
3365,
3366,
3367,
3368,
3369,
3370,
3371,
3372,
3373,
3374,
3375,
3376,
3377,
3378,
3379,
3380,
3381,
3382,
3383,
3384,
3385,
3386,
3387,
3388,
3389,
3390,
3391,
3392,
3393,
3394,
3395,
3396,
3397,
3398,
3399,
3400,
3401,
3402,
3403,
3404,
3405,
3406,
3407,
3408,
3409,
3410,
3411,
3412,
3413,
3414,
3415,
3416,
3417,
3418,
3419,
3420,
3421,
3422,
3423,
3424,
3425,
3426,
3427,
3428,
3429,
3430,
3431,
3432,
3433,
3434,
3435,
3436,
3437,
3438,
3439,
3440,
3441,
3442,
3443,
3444,
3445,
3446,
3447,
3448,
3449,
3450,
3451,
3452,
3453,
3454,
3455,
3456,
3457,
3458,
3459,
3460,
3461,
3462,
3463,
3464,
3465,
3466,
3467,
3468,
3469,
3470,
3471,
3472,
3473,
3474,
3475,
3476,
3477,
3478,
3479,
3480,
3481,
3482,
3483,
3484,
3485,
3486,
3487,
3488,
3489,
3490,
3491,
3492,
3493,
3494,
3495,
3496,
3497,
3498,
3499,
3500,
3501,
3502,
3503,
3504,
3505,
3506,
3507,
3508,
3509,
3510,
3511,
3512,
3513,
3514,
3515,
3516,
3517,
3518,
3519,
3520,
3521,
3522,
3523,
3524,
3525,
3526,
3527,
3528,
3529,
3530,
3531,
3532,
3533,
3534,
3535,
3536,
3537,
3538,
3539,
3540,
3541,
3542,
3543,
3544,
3545,
3546,
3547,
3548,
3549,
3550,
3551,
3552,
3553,
3554,
3555,
3556,
3557,
3558,
3559,
3560,
3561,
3562,
3563,
3564,
3565,
3566,
3567,
3568,
3569,
3570,
3571,
3572,
3573,
3574,
3575,
3576,
3577,
3578,
3579,
3580,
3581,
3582,
3583,
3584,
3585,
3586,
3587,
3588,
3589,
3590,
3591,
3592,
3593,
3594,
3595,
3596,
3597,
3598,
3599,
3600,
3601,
3602,
3603,
3604,
3605,
3606,
3607,
3608,
3609,
3610,
3611,
3612,
3613,
3614,
3615,
3616,
3617,
3618,
3619,
3620,
3621,
3622,
3623,
3624,
3625,
3626,
3627,
3628,
3629,
3630,
3631,
3632,
3633,
3634,
3635,
3636,
3637,
3638,
3639,
3640,
3641,
3642,
3643,
3644,
3645,
3646,
3647,
3648,
3649,
3650,
3651,
3652,
3653,
3654,
3655,
3656,
3657,
3658,
3659,
3660,
3661,
3662,
3663,
3664,
3665,
3666,
3667,
3668,
3669,
3670,
3671,
3672,
3673,
3674,
3675,
3676,
3677,
3678,
3679,
3680,
3681,
3682,
3683,
3684,
3685,
3686,
3687,
3688,
3689,
3690,
3691,
3692,
3693,
3694,
3695,
3696,
3697,
3698,
3699,
3700,
3701,
3702,
3703,
3704,
3705,
3706,
3707,
3708,
3709,
3710,
3711,
3712,
3713,
3714,
3715,
3716,
3717,
3718,
3719,
3720,
3721,
3722,
3723,
3724,
3725,
3726,
3727,
3728,
3729,
3730,
3731,
3732,
3733,
3734,
3735,
3736,
3737,
3738,
3739,
3740,
3741,
3742,
3743,
3744,
3745,
3746,
3747,
3748,
3749,
3750,
3751,
3752,
3753,
3754,
3755,
3756,
3757,
3758,
3759,
3760,
3761,
3762,
3763,
3764,
3765,
3766,
3767,
3768,
3769,
3770,
3771,
3772,
3773,
3774,
3775,
3776,
3777,
3778,
3779,
3780,
3781,
3782,
3783,
3784,
3785,
3786,
3787,
3788,
3789,
3790,
3791,
3792,
3793,
3794,
3795,
3796,
3797,
3798,
3799,
3800,
3801,
3802,
3803,
3804,
3805,
3806,
3807,
3808,
3809,
3810,
3811,
3812,
3813,
3814,
3815,
3816,
3817,
3818,
3819,
3820,
3821,
3822,
3823,
3824,
3825,
3826,
3827,
3828,
3829,
3830,
3831,
3832,
3833,
3834,
3835,
3836,
3837,
3838,
3839,
3840,
3841,
3842,
3843,
3844,
3845,
3846,
3847,
3848,
3849,
3850,
3851,
3852,
3853,
3854,
3855,
3856,
3857,
3858,
3859,
3860,
3861,
3862,
3863,
3864,
3865,
3866,
3867,
3868,
3869,
3870,
3871,
3872,
3873,
3874,
3875,
3876,
3877,
3878,
3879,
3880,
3881,
3882,
3883,
3884,
3885,
3886,
3887,
3888,
3889,
3890,
3891,
3892,
3893,
3894,
3895,
3896,
3897,
3898,
3899,
3900,
3901,
3902,
3903,
3904,
3905,
3906,
3907,
3908,
3909,
3910,
3911,
3912,
3913,
3914,
3915,
3916,
3917,
3918,
3919,
3920,
3921,
3922,
3923,
3924,
3925,
3926,
3927,
3928,
3929,
3930,
3931,
3932,
3933,
3934,
3935,
3936,
3937,
3938,
3939,
3940,
3941,
3942,
3943,
3944,
3945,
3946,
3947,
3948,
3949,
3950,
3951,
3952,
3953,
3954,
3955,
3956,
3957,
3958,
3959,
3960,
3961,
3962,
3963,
3964,
3965,
3966,
3967,
3968,
3969,
3970,
3971,
3972,
3973,
3974,
3975,
3976,
3977,
3978,
3979,
3980,
3981,
3982,
3983,
3984,
3985,
3986,
3987,
3988,
3989,
3990,
3991,
3992,
3993,
3994,
3995,
3996,
3997,
3998,
3999,
4000,
4001,
4002,
4003,
4004,
4005,
4006,
4007,
4008,
4009,
4010,
4011,
4012,
4013,
4014,
4015,
4016,
4017,
4018,
4019,
4020,
4021,
4022,
4023,
4024,
4025,
4026,
4027,
4028,
4029,
4030,
4031,
4032,
4033,
4034,
4035,
4036,
4037,
4038,
4039,
4040,
4041,
4042,
4043,
4044,
4045,
4046,
4047,
4048,
4049,
4050,
4051,
4052,
4053,
4054,
4055,
4056,
4057,
4058,
4059,
4060,
4061,
4062,
4063,
4064,
4065,
4066,
4067,
4068,
4069,
4070,
4071,
4072,
4073,
4074,
4075,
4076,
4077,
4078,
4079,
4080,
4081,
4082,
4083,
4084,
4085,
4086,
4087,
4088,
4089,
4090,
4091,
4092,
4093,
4094,
4095,
4096,
4097,
4098,
4099,
4100,
4101,
4102,
4103,
4104,
4105,
4106,
4107,
4108,
4109,
4110,
4111,
4112,
4113,
4114,
4115,
4116,
4117,
4118,
4119,
4120,
4121,
4122,
4123,
4124,
4125,
4126,
4127,
4128,
4129,
4130,
4131,
4132,
4133,
4134,
4135,
4136,
4137,
4138,
4139,
4140,
4141,
4142,
4143,
4144,
4145,
4146,
4147,
4148,
4149,
4150,
4151,
4152,
4153,
4154,
4155,
4156,
4157,
4158,
4159,
4160,
4161,
4162,
4163,
4164,
4165,
4166,
4167,
4168,
4169,
4170,
4171,
4172,
4173,
4174,
4175,
4176,
4177,
4178,
4179,
4180,
4181,
4182,
4183,
4184,
4185,
4186,
4187,
4188,
4189,
4190,
4191,
4192,
4193,
4194,
4195,
4196,
4197,
4198,
4199,
4200,
4201,
4202,
4203,
4204,
4205,
4206,
4207,
4208,
4209,
4210,
4211,
4212,
4213,
4214,
4215,
4216,
4217,
4218,
4219,
4220,
4221,
4222,
4223,
4224,
4225,
4226,
4227,
4228,
4229,
4230,
4231,
4232,
4233,
4234,
4235,
4236,
4237,
4238,
4239,
4240,
4241,
4242,
4243,
4244,
4245,
4246,
4247,
4248,
4249,
4250,
4251,
4252,
4253,
4254,
4255,
4256,
4257,
4258,
4259,
4260,
4261,
4262,
4263,
4264,
4265,
4266,
4267,
4268,
4269,
4270,
4271,
4272,
4273,
4274,
4275,
4276,
4277,
4278,
4279,
4280,
4281,
4282,
4283,
4284,
4285,
4286,
4287,
4288,
4289,
4290,
4291,
4292,
4293,
4294,
4295,
4296,
4297,
4298,
4299,
4300,
4301,
4302,
4303,
4304,
4305,
4306,
4307,
4308,
4309,
4310,
4311,
4312,
4313,
4314,
4315,
4316,
4317,
4318,
4319,
4320,
4321,
4322,
4323,
4324,
4325,
4326,
4327,
4328,
4329,
4330,
4331,
4332,
4333,
4334,
4335,
4336,
4337,
4338,
4339,
4340,
4341,
4342,
4343,
4344,
4345,
4346,
4347,
4348,
4349,
4350,
4351,
4352,
4353,
4354,
4355,
4356,
4357,
4358,
4359,
4360,
4361,
4362,
4363,
4364,
4365,
4366,
4367,
4368,
4369,
4370,
4371,
4372,
4373,
4374,
4375,
4376,
4377,
4378,
4379,
4380,
4381,
4382,
4383,
4384,
4385,
4386,
4387,
4388,
4389,
4390,
4391,
4392,
4393,
4394,
4395,
4396,
4397,
4398,
4399,
4400,
4401,
4402,
4403,
4404,
4405,
4406,
4407,
4408,
4409,
4410,
4411,
4412,
4413,
4414,
4415,
4416,
4417,
4418,
4419,
4420,
4421,
4422,
4423,
4424,
4425,
4426,
4427,
4428,
4429,
4430,
4431,
4432,
4433,
4434,
4435,
4436,
4437,
4438,
4439,
4440,
4441,
4442,
4443,
4444,
4445,
4446,
4447,
4448,
4449,
4450,
4451,
4452,
4453,
4454,
4455,
4456,
4457,
4458,
4459,
4460,
4461,
4462,
4463,
4464,
4465,
4466,
4467,
4468,
4469,
4470,
4471,
4472,
4473,
4474,
4475,
4476,
4477,
4478,
4479,
4480,
4481,
4482,
4483,
4484,
4485,
4486,
4487,
4488,
4489,
4490,
4491,
4492,
4493,
4494,
4495,
4496,
4497,
4498,
4499,
4500,
4501,
4502,
4503,
4504,
4505,
4506,
4507,
4508,
4509,
4510,
4511,
4512,
4513,
4514,
4515,
4516,
4517,
4518,
4519,
4520,
4521,
4522,
4523,
4524,
4525,
4526,
4527,
4528,
4529,
4530,
4531,
4532,
4533,
4534,
4535,
4536,
4537,
4538,
4539,
4540,
4541,
4542,
4543,
4544,
4545,
4546,
4547,
4548,
4549,
4550,
4551,
4552,
4553,
4554,
4555,
4556,
4557,
4558,
4559,
4560,
4561,
4562,
4563,
4564,
4565,
4566,
4567,
4568,
4569,
4570,
4571,
4572,
4573,
4574,
4575,
4576,
4577,
4578,
4579,
4580,
4581,
4582,
4583,
4584,
4585,
4586,
4587,
4588,
4589,
4590,
4591,
4592,
4593,
4594,
4595,
4596,
4597,
4598,
4599,
4600,
4601,
4602,
4603,
4604,
4605,
4606,
4607,
4608,
4609,
4610,
4611,
4612,
4613,
4614,
4615,
4616,
4617,
4618,
4619,
4620,
4621,
4622,
4623,
4624,
4625,
4626,
4627,
4628,
4629,
4630,
4631,
4632,
4633,
4634,
4635,
4636,
4637,
4638,
4639,
4640,
4641,
4642,
4643,
4644,
4645,
4646,
4647,
4648,
4649,
4650,
4651,
4652,
4653,
4654,
4655,
4656,
4657,
4658,
4659,
4660,
4661,
4662,
4663,
4664,
4665,
4666,
4667,
4668,
4669,
4670,
4671,
4672,
4673,
4674,
4675,
4676,
4677,
4678,
4679,
4680,
4681,
4682,
4683,
4684,
4685,
4686,
4687,
4688,
4689,
4690,
4691,
4692,
4693,
4694,
4695,
4696,
4697,
4698,
4699,
4700,
4701,
4702,
4703,
4704,
4705,
4706,
4707,
4708,
4709,
4710,
4711,
4712,
4713,
4714,
4715,
4716,
4717,
4718,
4719,
4720,
4721,
4722,
4723,
4724,
4725,
4726,
4727,
4728,
4729,
4730,
4731,
4732,
4733,
4734,
4735,
4736,
4737,
4738,
4739,
4740,
4741,
4742,
4743,
4744,
4745,
4746,
4747,
4748,
4749,
4750,
4751,
4752,
4753,
4754,
4755,
4756,
4757,
4758,
4759,
4760,
4761,
4762,
4763,
4764,
4765,
4766,
4767,
4768,
4769,
4770,
4771,
4772,
4773,
4774,
4775,
4776,
4777,
4778,
4779,
4780,
4781,
4782,
4783,
4784,
4785,
4786,
4787,
4788,
4789,
4790,
4791,
4792,
4793,
4794,
4795,
4796,
4797,
4798,
4799,
4800,
4801,
4802,
4803,
4804,
4805,
4806,
4807,
4808,
4809,
4810,
4811,
4812,
4813,
4814,
4815,
4816,
4817,
4818,
4819,
4820,
4821,
4822,
4823,
4824,
4825,
4826,
4827,
4828,
4829,
4830,
4831,
4832,
4833,
4834,
4835,
4836,
4837,
4838,
4839,
4840,
4841,
4842,
4843,
4844,
4845,
4846,
4847,
4848,
4849,
4850,
4851,
4852,
4853,
4854,
4855,
4856,
4857,
4858,
4859,
4860,
4861,
4862,
4863,
4864,
4865,
4866,
4867,
4868,
4869,
4870,
4871,
4872,
4873,
4874,
4875,
4876,
4877,
4878,
4879,
4880,
4881,
4882,
4883,
4884,
4885,
4886,
4887,
4888,
4889,
4890,
4891,
4892,
4893,
4894,
4895,
4896,
4897,
4898,
4899,
4900,
4901,
4902,
4903,
4904,
4905,
4906,
4907,
4908,
4909,
4910,
4911,
4912,
4913,
4914,
4915,
4916,
4917,
4918,
4919,
4920,
4921,
4922,
4923,
4924,
4925,
4926,
4927,
4928,
4929,
4930,
4931,
4932,
4933,
4934,
4935,
4936,
4937,
4938,
4939,
4940,
4941,
4942,
4943,
4944,
4945,
4946,
4947,
4948,
4949,
4950,
4951,
4952,
4953,
4954,
4955,
4956,
4957,
4958,
4959,
4960,
4961,
4962,
4963,
4964,
4965,
4966,
4967,
4968,
4969,
4970,
4971,
4972,
4973,
4974,
4975,
4976,
4977,
4978,
4979,
4980,
4981,
4982,
4983,
4984,
4985,
4986,
4987,
4988,
4989,
4990,
4991,
4992,
4993,
4994,
4995,
4996,
4997,
4998,
4999,
5000,
5001,
5002,
5003,
5004,
5005,
5006,
5007,
5008,
5009,
5010,
5011,
5012,
5013,
5014,
5015,
5016,
5017,
5018,
5019,
5020,
5021,
5022,
5023,
5024,
5025,
5026,
5027,
5028,
5029,
5030,
5031,
5032,
5033,
5034,
5035,
5036,
5037,
5038,
5039,
5040,
5041,
5042,
5043,
5044,
5045,
5046,
5047,
5048,
5049,
5050,
5051,
5052,
5053,
5054,
5055,
5056,
5057,
5058,
5059,
5060,
5061,
5062,
5063,
5064,
5065,
5066,
5067,
5068,
5069,
5070,
5071,
5072,
5073,
5074,
5075,
5076,
5077,
5078,
5079,
5080,
5081,
5082,
5083,
5084,
5085,
5086,
5087,
5088,
5089,
5090,
5091,
5092,
5093,
5094,
5095,
5096,
5097,
5098,
5099,
5100,
5101,
5102,
5103,
5104,
5105,
5106,
5107,
5108,
5109,
5110,
5111,
5112,
5113,
5114,
5115,
5116,
5117,
5118,
5119,
5120,
5121,
5122,
5123,
5124,
5125,
5126,
5127,
5128,
5129,
5130,
5131,
5132,
5133,
5134,
5135,
5136,
5137,
5138,
5139,
5140,
5141,
5142,
5143,
5144,
5145,
5146,
5147,
5148,
5149,
5150,
5151,
5152,
5153,
5154,
5155,
5156,
5157,
5158,
5159,
5160,
5161,
5162,
5163,
5164,
5165,
5166,
5167,
5168,
5169,
5170,
5171,
5172,
5173,
5174,
5175,
5176,
5177,
5178,
5179,
5180,
5181,
5182,
5183,
5184,
5185,
5186,
5187,
5188,
5189,
5190,
5191,
5192,
5193,
5194,
5195,
5196,
5197,
5198,
5199,
5200,
5201,
5202,
5203,
5204,
5205,
5206,
5207,
5208,
5209,
5210,
5211,
5212,
5213,
5214,
5215,
5216,
5217,
5218,
5219,
5220,
5221,
5222,
5223,
5224,
5225,
5226,
5227,
5228,
5229,
5230,
5231,
5232,
5233,
5234,
5235,
5236,
5237,
5238,
5239,
5240,
5241,
5242,
5243,
5244,
5245,
5246,
5247,
5248,
5249,
5250,
5251,
5252,
5253,
5254,
5255,
5256,
5257,
5258,
5259,
5260,
5261,
5262,
5263,
5264,
5265,
5266,
5267,
5268,
5269,
5270,
5271,
5272,
5273,
5274,
5275,
5276,
5277,
5278,
5279,
5280,
5281,
5282,
5283,
5284,
5285,
5286,
5287,
5288,
5289,
5290,
5291,
5292,
5293,
5294,
5295,
5296,
5297,
5298,
5299,
5300,
5301,
5302,
5303,
5304,
5305,
5306,
5307,
5308,
5309,
5310,
5311,
5312,
5313,
5314,
5315,
5316,
5317,
5318,
5319,
5320,
5321,
5322,
5323,
5324,
5325,
5326,
5327,
5328,
5329,
5330,
5331,
5332,
5333,
5334,
5335,
5336,
5337,
5338,
5339,
5340,
5341,
5342,
5343,
5344,
5345,
5346,
5347,
5348,
5349,
5350,
5351,
5352,
5353,
5354,
5355,
5356,
5357,
5358,
5359,
5360,
5361,
5362,
5363,
5364,
5365,
5366,
5367,
5368,
5369,
5370,
5371,
5372,
5373,
5374,
5375,
5376,
5377,
5378,
5379,
5380,
5381,
5382,
5383,
5384,
5385,
5386,
5387,
5388,
5389,
5390,
5391,
5392,
5393,
5394,
5395,
5396,
5397,
5398,
5399,
5400,
5401,
5402,
5403,
5404,
5405,
5406,
5407,
5408,
5409,
5410,
5411,
5412,
5413,
5414,
5415,
5416,
5417,
5418,
5419,
5420,
5421,
5422,
5423,
5424,
5425,
5426,
5427,
5428,
5429,
5430,
5431,
5432,
5433,
5434,
5435,
5436,
5437,
5438,
5439,
5440,
5441,
5442,
5443,
5444,
5445,
5446,
5447,
5448,
5449,
5450,
5451,
5452,
5453,
5454,
5455,
5456,
5457,
5458,
5459,
5460,
5461,
5462,
5463,
5464,
5465,
5466,
5467,
5468,
5469,
5470,
5471,
5472,
5473,
5474,
5475,
5476,
5477,
5478,
5479,
5480,
5481,
5482,
5483,
5484,
5485,
5486,
5487,
5488,
5489,
5490,
5491,
5492,
5493,
5494,
5495,
5496,
5497,
5498,
5499,
5500,
5501,
5502,
5503,
5504,
5505,
5506,
5507,
5508,
5509,
5510,
5511,
5512,
5513,
5514,
5515,
5516,
5517,
5518,
5519,
5520,
5521,
5522,
5523,
5524,
5525,
5526,
5527,
5528,
5529,
5530,
5531,
5532,
5533,
5534,
5535,
5536,
5537,
5538,
5539,
5540,
5541,
5542,
5543,
5544,
5545,
5546,
5547,
5548,
5549,
5550,
5551,
5552,
5553,
5554,
5555,
5556,
5557,
5558,
5559,
5560,
5561,
5562,
5563,
5564,
5565,
5566,
5567,
5568,
5569,
5570,
5571,
5572,
5573,
5574,
5575,
5576,
5577,
5578,
5579,
5580,
5581,
5582,
5583,
5584,
5585,
5586,
5587,
5588,
5589,
5590,
5591,
5592,
5593,
5594,
5595,
5596,
5597,
5598,
5599,
5600,
5601,
5602,
5603,
5604,
5605,
5606,
5607,
5608,
5609,
5610,
5611,
5612,
5613,
5614,
5615,
5616,
5617,
5618,
5619,
5620,
5621,
5622,
5623,
5624,
5625,
5626,
5627,
5628,
5629,
5630,
5631,
5632,
5633,
5634,
5635,
5636,
5637,
5638,
5639,
5640,
5641,
5642,
5643,
5644,
5645,
5646,
5647,
5648,
5649,
5650,
5651,
5652,
5653,
5654,
5655,
5656,
5657,
5658,
5659,
5660,
5661,
5662,
5663,
5664,
5665,
5666,
5667,
5668,
5669,
5670,
5671,
5672,
5673,
5674,
5675,
5676,
5677,
5678,
5679,
5680,
5681,
5682,
